user_id,interests,connections
1,"Music and Instrumental, Car Enthusiasts, Web Development","114, 66, 1, 171, 584, 78"
2,,"66, 584"
3,,470
4,,"66, 171"
5,,
6,,
7,Visual Arts,"75, 79, 81, 91, 93, 90, 97, 102, 114, 98, 133, 311"
8,,
9,,584
10,,
11,,
12,,
13,,
14,,
15,,
16,,
17,Alternative Medicine,
18,,
19,,
20,,
21,,
22,,
23,,
24,"Literature and Poetry, Music and Instrumental, Theater and Performing Arts, Film and Documentary","142, 78"
25,,
26,,
27,,
28,,
29,,
30,,
31,,
32,,
33,,
34,,
35,,
36,,
37,,
38,,153
39,,153
40,,
41,,
42,,
43,,
44,,
45,,
46,,
47,,
48,Visual Arts,
49,,7
50,,
51,,76
52,,
53,,
54,,
55,,
56,,
57,,
58,,
59,,
60,,
61,,
62,,
63,,
64,,
65,,
66,"Literature and Poetry, Visual Arts","7, 75, 107, 339, 426"
67,,
68,"Literature and Poetry, Visual Arts, Music and Instrumental, Film and Documentary, Electric Vehicles","426, 546, 78"
69,,
70,,
71,,
72,,
73,,
74,,
75,,"7, 76, 79, 93"
76,,"79, 114"
77,,
78,"Literature and Poetry, Visual Arts, Cultural Festivals, Art Exhibitions, Car Enthusiasts, Theater and Performing Arts, Travel Tips and Hacks","377, 395, 420, 423, 440, 153, 441, 424, 444, 445, 446, 447, 449, 426, 456, 459, 475, 489, 490, 496, 534, 346, 535, 543, 351, 548, 553, 546, 562, 563, 565, 567, 568, 570, 566, 571, 572, 581, 161, 583, 68, 601, 605, 637, 642, 649, 650, 652, 495, 673, 677, 678, 683, 692, 1, 707, 706, 754, 759, 757, 835, 839, 844, 883, 905, 921, 142, 617, 345, 945, 959, 964, 941, 967, 312, 968, 975, 974, 983, 978, 976, 995, 997, 996, 999, 1007, 1012, 815, 762, 1030, 1034, 1035, 1045, 1054, 1057, 1058, 1080, 1081, 1082, 1083, 1085, 1084, 1096, 1115, 1122, 1117, 1116, 1135, 1139, 965, 528, 1151, 1556, 685, 1563, 139, 78, 584"
79,,"81, 91, 90, 97, 100, 102, 114, 183, 302, 304, 426"
80,,
81,,426
82,,
83,,
84,,
85,,
86,,
87,,
88,,1113
89,,
91,,98
92,,
93,,
94,"Literature and Poetry, Visual Arts",
95,,
96,"Literature and Poetry, Visual Arts, Music and Instrumental, Theater and Performing Arts",
97,"Literature and Poetry, Motorcycles, Paper Crafts","100, 102"
98,"Visual Arts, Electric Vehicles, Automotive News and Reviews","183, 307, 366, 405, 424, 566, 426, 78"
99,,
100,"Literature and Poetry, Visual Arts",
101,,959
102,"Music and Instrumental, Theater and Performing Arts, Film and Documentary, Cultural Festivals","142, 304, 153, 426"
103,,
104,,
105,,
106,,346
107,"Visual Arts, Music and Instrumental, Anime and Manga","426, 142, 78"
108,,
109,,
110,,
111,,
112,,
113,,
114,Alternative Medicine,"98, 24, 133, 307, 338, 377, 406, 424, 426, 476, 546, 78"
115,,
116,,
117,,
118,,
119,,
120,,
121,,
122,,
123,,
124,,
125,,
126,,
127,,
128,,
129,,
130,,
131,,
132,,
134,,
135,,
136,,
137,,
138,,
139,"Literature and Poetry, Visual Arts, Music and Instrumental, Theater and Performing Arts, Film and Documentary, Cultural Festivals, Art Exhibitions, Craftsmanship, Car Enthusiasts, Motorcycles, Electric Vehicles, Car Restoration","959, 685, 78"
140,,
141,,
142,"Literature and Poetry, Visual Arts, Theater and Performing Arts, Cultural Festivals, Art Exhibitions, Motorcycles, Electric Vehicles, Car Restoration, Off-Roading","24, 183, 226, 256, 107, 302, 304, 307, 311, 314, 317, 318, 333, 338, 339, 344, 377, 404, 424, 427, 440, 441, 444, 426, 463, 543, 548, 380, 546, 565, 569, 566, 584, 68, 142, 153, 945, 955, 959, 964, 941, 967, 968, 983, 522, 1012, 1030, 1058, 1064, 1071, 1085, 1115, 685, 78, 754"
143,,
144,,
146,,
147,,
148,,
149,,
150,,
151,,
152,,
153,"Literature and Poetry, Visual Arts, Theater and Performing Arts, Film and Documentary, Cultural Festivals, Art Exhibitions, Craftsmanship, Motorcycles, Electric Vehicles, Motorsport, Vehicle Maintenance and Repair, Personal Styling, Fashion Design, Entrepreneurship, Astronomy and Space, Biology and Medicine, Human Rights, Specific Fandoms (e.g. Harry Potter Star Wars), Niche Collecting (e.g. rare books vintage items), Meditation and Mindfulness, Yoga and Spiritual Practices, Spiritual Growth, Running, Swimming, Sustainable Agriculture, Green Building, Web Development, Mobile App Development, Computers and Laptops, Smart Home Devices, Adventure Travel, Cultural Travel","444, 426, 565, 945, 955, 959, 964, 941, 983, 976, 998, 584, 1069, 78, 1096, 1104, 546"
154,,
155,,
156,,
157,,
158,,
159,,
160,,
161,"Visual Arts, Car Enthusiasts, Motorcycles, Car Restoration, Off-Roading, Automotive News and Reviews, Motorsport, Vehicle Maintenance and Repair, Startup Founders, Business Strategy and Management, E-commerce, Business Networking, Comedy, Anime and Manga","546, 584"
162,,
163,,
164,,
165,,
166,,
167,,
168,,
169,,
170,,
171,"Literature and Poetry, Theater and Performing Arts",78
172,,
173,,
174,,
175,,
176,,346
177,,
178,,
179,,
180,,
181,,
182,,
183,"Literature and Poetry, Visual Arts, Music and Instrumental","424, 142, 78, 546"
184,,
185,,
186,,
187,,
188,,
189,,
190,,
191,,
192,,
193,,
194,,
195,,153
196,,
197,,
198,,
199,,
200,,
201,,
202,,
203,,
204,,
205,,153
206,,
207,,
208,,
209,,
210,,
211,,
212,,
213,,
214,,
215,,
216,,
217,,
218,,
219,,
220,,
221,,
222,,
223,,
224,,
225,,
226,"Marketing and Sales, Leadership and Mentoring, Scrapbooking, Furniture Making","426, 142"
227,,
228,,
229,,
230,,
231,,
232,,
233,,
234,,
235,,
236,,
237,,
238,,
239,,
240,,
241,,
242,,
243,,
244,,
245,,
246,,
247,,
248,,
249,,
250,,
251,,
252,,
256,"Film and Documentary, Craftsmanship, Electric Vehicles, Automotive News and Reviews","426, 142, 78, 153"
259,,
260,,1084
261,,
262,,
263,,
264,,
265,,
266,"Literature and Poetry, Motorcycles, Leadership and Mentoring, Esoteric Interests (e.g. cryptozoology paranormal)",
267,,
268,,
269,,
270,,
271,,
272,,
273,,
274,,
275,,
276,,
277,,
278,,
279,,
280,"Literature and Poetry, Craftsmanship, Off-Roading",
281,,
282,,
283,,
284,,
285,,
286,,
287,,
288,,
289,,
290,"Literature and Poetry, Electric Vehicles, Candle Making, Home Renovation, Software Engineering, Smartphones and Mobile Devices",
291,,
292,,
293,,
294,,
295,,
296,"Visual Arts, Vehicle Maintenance and Repair, Comedy",
297,,
298,"Literature and Poetry, Publishing and Self-Publishing, Parenting Support Groups",
299,,
300,,
301,,
302,"Literature and Poetry, Pottery and Ceramics, Child Development","426, 78"
303,,
304,"Baking, Gaming, Journaling, Community Service, Wearable Technology, Road Trips","329, 344, 426, 78"
305,,
306,,
307,"Literature and Poetry, Visual Arts, Music and Instrumental, Skincare and Makeup, Fashion Trends, Haircare, Nutrition and Diet","318, 354, 377, 426, 78"
310,,
311,"Literature and Poetry, Art Exhibitions, Car Enthusiasts, Car Restoration, Startup Founders, Candle Making, Woodworking",78
312,"Parenting Support Groups, Family Activities and Outings, Beauty Tutorials, Sustainable Fashion, Animation and VFX, Documentary Filmmaking","78, 754"
313,,
314,"Literature and Poetry, Destination Reviews",
315,,426
316,,
317,"Business Strategy and Management, Publishing and Self-Publishing, Tool and Equipment Reviews, Nail Art","685, 78"
318,"Fiction Writing, Movies and TV Shows, Parenting Support Groups, Alternative Medicine, Stargazing, Entrepreneurship",685
319,,607
320,,
321,,
322,,
323,,
324,,
325,,
326,,
327,,
328,,
329,"Literature and Poetry, Gaming, Destination Reviews",
330,,
331,,
332,,
333,Film and Documentary,78
334,,
335,,
336,,
337,"Literature and Poetry, Music and Instrumental",
338,"Literature and Poetry, Visual Arts, Music and Instrumental",78
339,"Literature and Poetry, Motorsport, Gaming",
340,,
341,,
342,,
343,,
344,"Art Exhibitions, Podcasts","1084, 78, 754"
345,"Music and Instrumental, Movies and TV Shows, Music and Concerts, Comedy, Anime and Manga","959, 426, 78"
347,,
348,,
349,,
350,,
351,"Art Exhibitions, Off-Roading, Multilingual Communities","351, 78"
352,,
353,,
354,"History and Archaeology, Destination Reviews",78
355,,
356,,
357,,
358,,
359,,
360,,
361,,
362,,
363,,
364,,
365,,
366,"Music and Instrumental, Gaming",78
367,,
368,,
369,,
370,,
371,,
372,,
373,,
374,,
377,"Visual Arts, Music and Instrumental, Car Enthusiasts","424, 153, 426, 459, 542, 78"
378,,
379,,
380,"Visual Arts, Art Exhibitions, Automotive News and Reviews",546
385,,
386,,
387,,
388,,
389,,
390,,
391,,
392,,
393,,
394,,
395,National Parks Exploration,
396,,
397,,
398,,
399,,
400,,
401,,
402,,
403,,
404,Comparative Religion,
405,Car Enthusiasts,78
406,"Gaming, Freelancing",78
407,,
408,,
409,,
410,,
411,,
412,,
413,,
414,,
415,,
416,,
417,"Visual Arts, Music and Instrumental, Electric Vehicles, Anime and Manga",78
418,,
419,,
420,"Gaming, Urban Living",
421,,
422,,
423,Startup Founders,426
424,"Car Enthusiasts, Off-Roading, Motorsport, Startup Founders, Movies and TV Shows, Music and Concerts, New Parents, Stock Market, Cryptocurrency, Gourmet Cooking, Vegan and Vegetarian, Gardening, Software Engineering, Programming Languages","417, 153, 426, 475, 491, 351, 550, 553, 565, 567, 568, 161, 584, 605, 646, 649, 650, 662, 683, 691, 827, 836, 78, 528, 1556, 685, 615"
425,,
426,"Literature and Poetry, Visual Arts, Music and Instrumental, Theater and Performing Arts, Film and Documentary, Cultural Festivals, Art Exhibitions, Craftsmanship, Motorcycles, Motorsport","460, 489, 496, 534, 346, 538, 543, 351, 548, 546, 565, 566, 574, 586, 68, 602, 605, 606, 612, 618, 629, 632, 637, 645, 646, 650, 495, 677, 675, 678, 528, 683, 686, 690, 692, 1, 705, 707, 706, 759, 757, 827, 833, 834, 835, 836, 839, 844, 883, 923, 921, 142, 153, 345, 945, 955, 959, 964, 941, 967, 312, 968, 838, 975, 974, 978, 976, 995, 997, 996, 999, 584, 522, 1007, 1012, 815, 822, 1034, 1035, 1045, 1054, 1058, 1060, 1065, 1064, 1069, 1072, 1073, 1071, 78, 1056, 1077, 1078, 1080, 1081, 1082, 1083, 1079, 1085, 1096, 1104, 1115, 1122, 1117, 1137, 1139, 965, 1151, 1556"
427,"Visual Arts, Music and Instrumental, Car Restoration","1113, 546, 78"
433,,
434,,
435,,
436,,
437,,
438,,
439,,
440,"Literature and Poetry, Visual Arts, Film and Documentary, Car Enthusiasts, Startup Founders, Home Renovation, Skincare and Makeup, Stock Market, Historical Events, Language Learning (e.g. Spanish French Mandarin), Mental Health Awareness, Goal Setting, Environmental Science, Specific Fandoms (e.g. Harry Potter Star Wars)","584, 905, 78"
441,"Literature and Poetry, Visual Arts, Music and Instrumental",
442,,
443,,
444,"Music and Instrumental, Theater and Performing Arts, Pottery and Ceramics","584, 78"
445,"Literature and Poetry, Music and Instrumental, Historical Events",
446,Literature and Poetry,754
447,Literature and Poetry,
448,,
449,Literature and Poetry,
450,,
451,Literature and Poetry,
452,,
453,"Literature and Poetry, Music and Instrumental",
454,,
455,,
456,Literature and Poetry,
457,,
458,,
459,"Literature and Poetry, Visual Arts, Music and Instrumental, Theater and Performing Arts","566, 78"
460,"Visual Arts, Music and Instrumental, Film and Documentary",78
461,,
462,,
463,"Visual Arts, Motorcycles, Parenting Teens",546
464,,
465,,
466,,
467,,
468,,
469,,
470,,426
471,,
472,,
473,,
474,,
475,"Literature and Poetry, Music and Instrumental, Art Exhibitions, Screenwriting","78, 754"
476,Literature and Poetry,78
477,,
478,,
479,,
480,,
481,,
482,,
483,,
484,,
485,,
486,,
487,,
488,,
489,"Literature and Poetry, Visual Arts, Music and Instrumental, Motorcycles",78
490,"Music and Instrumental, Car Enthusiasts, Skincare and Makeup, Haircare",426
491,Art Exhibitions,78
492,,
493,,
494,,
495,"Literature and Poetry, Business Strategy and Management, Physical Fitness Challenges, Cycling","685, 78"
496,"Literature and Poetry, Car Enthusiasts, Startup Founders, Pottery and Ceramics, Fiction Writing, Home Renovation, Movies and TV Shows, New Parents, Skincare and Makeup, Independent Filmmaking, Stock Market, Gourmet Cooking, Nutrition and Diet, Historical Events, Gardening, Language Learning (e.g. Spanish French Mandarin), Parenting, Mental Health Awareness, Camping and Backpacking, Goal Setting, Dog Owners, Entrepreneurship, Astronomy and Space, Environmental Activism, Specific Fandoms (e.g. Harry Potter Star Wars), Meditation and Mindfulness, Running, Renewable Energy, Web Development, Smartphones and Mobile Devices, Adventure Travel","584, 1064, 566, 78"
497,,
498,,
499,,
500,,
501,,
502,,
503,,
504,,
505,,
506,,
507,,
508,,
515,,
522,"Electric Vehicles, Leadership and Mentoring, Non-Fiction Writing, DIY Home Decor, Anime and Manga, Parenting Support Groups, Podcast Production","685, 78"
523,,
524,,
525,,
526,,
527,,
528,"Literature and Poetry, Visual Arts, Motorsport, Cultural Travel","546, 78"
529,,
530,,
531,,
532,,
533,,
534,"Music and Instrumental, Startup Founders, Small Business Owners, Marketing and Sales, Business Networking, Leadership and Mentoring, Literary Analysis, Movies and TV Shows, Music and Concerts","426, 959, 153"
535,Literature and Poetry,
536,,
537,,
538,Off-Roading,78
539,,
540,,
541,,
542,Theater and Performing Arts,
543,"Data Science and Machine Learning, Programming Languages, Computers and Laptops","543, 964, 546, 78"
544,,
545,,
546,"Art Exhibitions, Business Networking, Woodworking, Personal Development, Fashion and Style, Life Skills, Industry-Specific Groups (e.g. tech finance), Work-Life Balance, Budget Travel, Luxury Travel, Travel Tips and Hacks, Travel Photography","565, 161, 68, 528, 142, 617, 945, 959, 964, 941, 566, 975, 974, 522, 1004, 1012, 650, 1030, 153, 1054, 1060, 1065, 1072, 1073, 78, 1096, 661, 1134, 1139, 965, 583"
547,,
548,"Virtual Reality (VR) and Augmented Reality (AR), Software and Apps, Travel Tips and Hacks",
549,,
550,"Visual Arts, Jewelry Making, Physical Fitness Challenges",78
551,,
552,,
553,"Visual Arts, Cultural Festivals",
554,,
555,,
556,,
557,,
558,,
559,,
560,,
561,,
562,"Language Learning (e.g. Spanish French Mandarin), Body Positivity, Time Management, Adventure Travel","426, 78, 546"
563,"Literature and Poetry, Startup Founders, Small Business Owners",
564,,
565,"Literature and Poetry, Visual Arts, Music and Instrumental, Theater and Performing Arts, Film and Documentary, Cultural Festivals, Art Exhibitions, Craftsmanship, Car Enthusiasts, Marketing and Sales, Leadership and Mentoring, Fiction Writing, Poetry, Non-Fiction Writing, Book Clubs, Literary Analysis, Writing Workshops, Publishing and Self-Publishing, Writing Prompts and Challenges, Movies and TV Shows, Music and Concerts, Comedy, Personal Styling, Independent Filmmaking, Screenwriting, Animation and VFX, Documentary Filmmaking, Video Editing, Cinematography, Media Critique and Analysis, Historical Events, Cultural Studies, DIY and Crafts, Photography, Reading and Book Clubs, Language Learning (e.g. Spanish French Mandarin), Linguistics, Multilingual Communities, Language Teaching Resources, Adventure Travel, Cultural Travel","571, 161, 637, 650, 683, 690, 827, 839, 546, 426, 153, 1065, 1069, 78"
566,"Music and Concerts, Cinematography, Educational Courses and Tutorials, Martial Arts, Computers and Laptops, Adventure Travel, Cultural Travel, Budget Travel, Luxury Travel, Travel Tips and Hacks","426, 78"
567,"Visual Arts, Business Networking, Jewelry Making",
568,"Literature and Poetry, Visual Arts, Music and Instrumental",78
569,"Visual Arts, Music and Instrumental, Small Business Owners, Investment and Venture Capital, Marketing and Sales",78
570,Literature and Poetry,
571,"Visual Arts, Motorsport, Jewelry Making",
572,"Motorsport, Book Clubs, Gaming",
573,,
574,"Car Enthusiasts, Cryptocurrency, Food Photography","78, 754"
575,,
576,,
577,,
578,,
579,,
580,,
581,"Literature and Poetry, Car Enthusiasts, Leadership and Mentoring, Jewelry Making, Fiction Writing, Home Renovation, Fan Clubs (e.g. specific bands actors), New Parents, Single Parenting, Skincare and Makeup, Independent Filmmaking, Documentary Filmmaking, Gourmet Cooking, Historical Events, Gardening, Language Learning (e.g. Spanish French Mandarin), Urban Living, Chronic Illness Support, Life Skills, Bird Watching, Educational Courses and Tutorials, Sustainable Living, Spiritual Healing, Martial Arts, Climate Change Action, Programming Languages, Software and Apps, Travel Photography",
582,,
583,"Fiction Writing, Home Renovation, Furniture Making, Landscaping and Gardening, DIY Home Decor, Sustainable Fashion, Fashion Design, Podcast Production, Nutrition and Diet, Personal Development, Sleep and Relaxation, Gardening, Cooking and Baking, DIY and Crafts, Photography",78
584,"Literature and Poetry, Leadership and Mentoring, Pottery and Ceramics, Skincare and Makeup, Independent Filmmaking, Gourmet Cooking, Nutrition and Diet, Language Learning (e.g. Spanish French Mandarin), Linguistics, Camping and Backpacking, Fishing and Hunting, Dog Owners, Entrepreneurship, Astronomy and Space, Environmental Activism, Running, Renewable Energy, Web Development, Adventure Travel","161, 606, 607, 612, 613, 633, 634, 637, 645, 650, 495, 528, 683, 686, 712, 759, 827, 833, 834, 836, 844, 852, 440, 888, 907, 913, 426, 945, 955, 959, 964, 941, 967, 312, 968, 969, 983, 998, 1012, 1019, 1034, 1035, 153, 905, 1065, 1064, 1069, 1071, 1056, 1077, 1078, 1122, 1117, 678, 1139, 1, 754"
585,,
586,"Music and Instrumental, Theater and Performing Arts, Film and Documentary, Cultural Festivals, Craftsmanship, Motorcycles, Automotive News and Reviews, Motorsport","426, 78"
587,,
588,,
589,,
590,,
591,,
592,,
593,,
594,,
595,,
596,,
597,,
598,,
599,,
600,,
601,Literature and Poetry,
602,Virtual Reality (VR) and Augmented Reality (AR),78
603,,
604,,
605,"Running, Renewable Energy, Web Development, Wearable Technology",78
606,"Car Enthusiasts, Mathematics, Team Sports (e.g. soccer basketball)","584, 78"
607,"Music and Instrumental, Film and Documentary, Cultural Festivals, Car Enthusiasts, Car Restoration, Off-Roading, Motorsport, Vehicle Maintenance and Repair, Startup Founders, Investment and Venture Capital, Home Renovation, Fashion Trends, Personal Styling, Stock Market, Cryptocurrency, Real Estate Investment, Gourmet Cooking, Vegan and Vegetarian, Coffee Lovers, Food Photography, Restaurant Reviews, Nutrition and Diet, Mental Health, Gardening, Photography, Gaming, Dating and Relationships, Sports Psychology, Nature Photography, Rock Climbing, Goal Setting, Dog Owners, Animal Rescue and Adoption, Aquariums and Fishkeeping, Bird Watching, Team Sports (e.g. soccer basketball), Swimming, Eco-Friendly Products, Web Development, Data Science and Machine Learning, Software Engineering, Programming Languages, Hackathons and Coding Challenges, Smartphones and Mobile Devices, Computers and Laptops, Adventure Travel, Cultural Travel, Budget Travel, Luxury Travel, Road Trips, Travel Tips and Hacks, Travel Photography, Destination Reviews","426, 565, 905, 1064, 1084, 959, 1016, 566, 661, 607, 546, 685, 754, 153, 78"
608,,
609,,
610,,
611,,
612,"Literature and Poetry, Visual Arts",
613,Motorcycles,584
614,,
615,"Home Renovation, DIY Home Decor, Personal Styling, Sustainable Fashion, Fashion Design, Baking, Nutrition and Diet, Personal Development",
616,,
617,"Fiction Writing, Book Clubs, Landscaping and Gardening, DIY Home Decor, Sustainable Living Projects, Upcycling and Recycling, Music and Concerts, Podcasts, Skincare and Makeup, Fashion Trends, Personal Styling, Sustainable Fashion, Haircare, Fashion Design, Stock Market, Cryptocurrency, Real Estate Investment, Personal Finance Management, Budgeting and Saving, Financial Independence, Investment Strategies, Nutrition and Diet, Personal Development, Sleep and Relaxation, Gardening, Cooking and Baking, DIY and Crafts, Photography, Gaming, Knitting and Sewing, Painting and Drawing, Language Learning (e.g. Spanish French Mandarin), Home Decor and Interior Design, Fashion and Style, Personal Finance, Minimalism, Eco-Friendly Living","78, 754"
618,"Literature and Poetry, Visual Arts, Music and Instrumental, Theater and Performing Arts, Film and Documentary, Art Exhibitions, Craftsmanship, Car Enthusiasts, Motorcycles, Electric Vehicles, Car Restoration, Motorsport, Vehicle Maintenance and Repair, Startup Founders, Investment and Venture Capital, Business Strategy and Management, Marketing and Sales, E-commerce, Educational Courses and Tutorials","632, 566"
619,,
621,,
622,,
623,,
626,,
627,,
628,,
629,"Business Strategy and Management, Marketing and Sales, Leadership and Mentoring","566, 546, 78"
630,,
631,,
632,"Film and Documentary, Electric Vehicles, Car Restoration","959, 78"
633,"Literature and Poetry, Car Enthusiasts, Startup Founders",584
634,"Literature and Poetry, Car Enthusiasts, Startup Founders",
635,,
636,,
637,"Music and Instrumental, Motorsport, E-commerce, Leadership and Mentoring, Pottery and Ceramics, Music and Concerts, Comedy, Fashion Design",78
638,,
639,,
640,,
641,,
642,Literature and Poetry,153
643,,
644,,
645,"Literature and Poetry, Car Enthusiasts, Startup Founders",78
646,"Literature and Poetry, Car Enthusiasts, Vehicle Maintenance and Repair, Startup Founders, Music and Concerts, Cultural Travel, Luxury Travel, Travel Photography","78, 534"
647,,
648,,
649,"Literature and Poetry, Car Enthusiasts, Startup Founders",
650,"Literature and Poetry, Visual Arts, Music and Instrumental, Theater and Performing Arts, Film and Documentary, Cultural Festivals, Art Exhibitions, Craftsmanship, Car Enthusiasts, Motorcycles, Electric Vehicles, Car Restoration, Off-Roading, Automotive News and Reviews, Motorsport, Vehicle Maintenance and Repair, Startup Founders, Small Business Owners, Investment and Venture Capital, Business Strategy and Management, Marketing and Sales, E-commerce, Business Networking, Leadership and Mentoring, Fiction Writing, Poetry, Non-Fiction Writing, Book Clubs, Literary Analysis, Writing Workshops, Publishing and Self-Publishing, Writing Prompts and Challenges, Home Renovation, Furniture Making, Landscaping and Gardening, DIY Home Decor, Plumbing and Electrical Projects, Sustainable Living Projects, Tool and Equipment Reviews, Upcycling and Recycling, Movies and TV Shows, Music and Concerts, Theater and Performing Arts, Comedy, Celebrity News and Gossip, Anime and Manga, Podcasts, Fan Clubs (e.g. specific bands actors)","683, 692, 707, 752, 757, 834, 852, 546, 650, 426, 1012, 1072, 964, 142, 78, 584"
651,,
652,Literature and Poetry,
653,,
654,,
655,,
656,,
657,,
658,,
659,,
660,,
661,"Literature and Poetry, Writing Workshops, Writing Prompts and Challenges, Furniture Making, Exotic Pets, Adventure Travel, Cultural Travel, Budget Travel","959, 546, 607, 78"
662,"Literature and Poetry, Music and Instrumental, Film and Documentary",78
663,,
664,,
665,,
666,,
667,,
668,,
669,,
670,,
671,,
672,,
673,"Literature and Poetry, Motorcycles, Vehicle Maintenance and Repair",
674,,
675,"Music and Instrumental, Cultural Festivals, Car Enthusiasts",78
677,"Visual Arts, Music and Instrumental, Car Enthusiasts, Electric Vehicles, Fiction Writing, Movies and TV Shows, Music and Concerts, Anime and Manga, Painting and Drawing",
678,"Visual Arts, Music and Instrumental, Art Exhibitions, Car Enthusiasts, Motorsport, Movies and TV Shows, Music and Concerts, Anime and Manga","426, 78"
679,,
680,,
681,,
682,,
683,"Literature and Poetry, Visual Arts, Music and Instrumental, Car Enthusiasts, Motorcycles, Electric Vehicles, Car Restoration","690, 692, 833, 142, 78"
684,,
685,"Music and Instrumental, Theater and Performing Arts, Film and Documentary, Craftsmanship, Car Enthusiasts, Motorsport, Startup Founders, Small Business Owners, Investment and Venture Capital, Business Strategy and Management, Marketing and Sales, E-commerce, Business Networking, Leadership and Mentoring","685, 1557, 546, 78, 139"
686,"Literature and Poetry, Car Enthusiasts, Startup Founders, Pottery and Ceramics, Fiction Writing, Home Renovation, Movies and TV Shows",
687,,
688,,
689,,
690,"Visual Arts, Automotive News and Reviews, Vehicle Maintenance and Repair",
691,"Music and Instrumental, Film and Documentary, Vehicle Maintenance and Repair, Work-Life Balance for Parents",78
692,"Literature and Poetry, Motorcycles, Vehicle Maintenance and Repair","78, 754"
693,,
694,,
695,,
696,,
697,,
698,,
699,,
700,,
701,,
702,,
703,,
704,,
705,"Visual Arts, Theater and Performing Arts, Cultural Festivals, Art Exhibitions, Electric Vehicles","566, 78"
706,"Poetry, Comedy, Running","923, 78"
707,"Visual Arts, Cultural Festivals, Car Restoration, Vehicle Maintenance and Repair, Investment and Venture Capital, Marketing and Sales",
708,,
709,,
710,,
711,"Electric Vehicles, Startup Founders, Business Networking, Scrapbooking","923, 706, 426"
712,"Literature and Poetry, Visual Arts, Music and Instrumental",78
714,,
715,,
716,,
717,,"683, 153"
718,,"683, 153"
719,,
720,,
721,,
722,,
723,,
724,,
725,,
726,,"941, 546, 1, 752, 683, 153"
727,,546
728,,
729,,584
730,,
731,,
732,,"584, 752, 1145, 153, 683"
733,,
734,,
735,,
736,,
737,,
738,,
739,,
740,,
741,,
742,,
743,,"1, 941, 752, 534, 683, 153, 546"
744,,
745,,
746,,
747,,
748,,
749,,683
751,,
752,"Visual Arts, Music and Instrumental, Film and Documentary",78
753,,
754,"Literature and Poetry, Music and Instrumental, Film and Documentary, Car Enthusiasts, Off-Roading, Automotive News and Reviews",78
757,"Music and Instrumental, Electric Vehicles, Car Restoration",
758,,153
759,"Music and Instrumental, Writing Prompts and Challenges, Music and Concerts","78, 584"
760,,
761,,
762,"Literature and Poetry, Visual Arts, Music and Instrumental, Theater and Performing Arts, Film and Documentary, Cultural Festivals, Art Exhibitions, Craftsmanship, Car Enthusiasts, Motorcycles, Electric Vehicles, Car Restoration, Off-Roading, Automotive News and Reviews, Motorsport, Vehicle Maintenance and Repair",
763,,
764,,
765,,
766,,
767,,
768,,
769,,
770,,
771,,
772,,
773,,
774,,
775,,
776,,
777,,
778,,
779,,
780,,
781,,
782,,
783,,
784,,
785,,
786,,
787,,
788,,
789,,
790,,
791,,
792,,
793,,
794,,
795,,
797,,
798,,
799,,
800,,
801,,
802,,
803,,
804,,
805,,
806,,
807,,
808,,
811,,
812,,
814,,
815,"Film and Documentary, Automotive News and Reviews, Publishing and Self-Publishing",959
816,,
817,,
822,"Literature and Poetry, Pottery and Ceramics, Fiction Writing, Family Activities and Outings",78
823,,
824,,
825,,
826,,
827,"Visual Arts, Art Exhibitions, Car Restoration",78
828,,
829,,
830,,
831,,
832,,
833,"Visual Arts, Theater and Performing Arts, Motorcycles, Automotive News and Reviews, Small Business Owners",78
834,"Music and Instrumental, Theater and Performing Arts, Electric Vehicles, Car Restoration, Marketing and Sales, E-commerce",78
835,"Cultural Festivals, Art Exhibitions, Craftsmanship",78
836,"Literature and Poetry, Visual Arts, Music and Instrumental, Off-Roading, Automotive News and Reviews, Startup Founders, Small Business Owners",78
837,,
838,"Literature and Poetry, Music and Instrumental, Theater and Performing Arts, Film and Documentary, Cultural Festivals, Art Exhibitions, Craftsmanship, Car Enthusiasts, Electric Vehicles, Automotive News and Reviews, Startup Founders, Small Business Owners, Investment and Venture Capital, Business Strategy and Management, Marketing and Sales, Business Networking, Leadership and Mentoring, Book Clubs, Home Renovation, Furniture Making, Landscaping and Gardening, DIY Home Decor, Sustainable Living Projects, Movies and TV Shows, Music and Concerts, Theater and Performing Arts, Comedy, Podcasts, Skincare and Makeup, Fashion Trends, Personal Styling, Beauty Tutorials, Sustainable Fashion, Haircare, Nail Art, Fashion Design, Stock Market, Cryptocurrency, Real Estate Investment, Personal Finance Management, Financial Independence, Investment Strategies, Gourmet Cooking, Baking, Wine and Beer Tasting, Coffee Lovers, Food Photography, Restaurant Reviews, International Cuisine, Fitness Challenges, Personal Development, Sleep and Relaxation, Wellness Retreats, Historical Events, Cultural Studies, Historical Reenactments, Ancient Civilizations, Preservation and Restoration, Cooking and Baking, Photography, Reading and Book Clubs, Knitting and Sewing, Language Learning (e.g. Spanish French Mandarin)","566, 78, 153"
839,"Literature and Poetry, Visual Arts, Music and Instrumental",
840,,
841,,
842,,
843,,
844,"Literature and Poetry, Fiction Writing, Celebrity News and Gossip, Skincare and Makeup, Sustainable Fashion, Stock Market, Adventure Travel","584, 78"
845,,
846,,
847,,
848,,
849,,
850,,
851,,
852,"Car Enthusiasts, Motorcycles, Car Restoration, Off-Roading, Motorsport","426, 78"
853,,
854,,
855,,
856,,
857,,
858,,
859,,
860,,
861,,
862,,
863,,
864,,
865,,
866,,
867,,
868,,
869,,
870,,
871,,
872,,
873,,
874,,
875,,
876,,
877,,
878,,
879,,
880,,
881,,
882,,
883,"Music and Instrumental, Skincare and Makeup, Fashion Trends, Fashion Design, Fashion and Style",78
884,,
885,,
886,,
887,,
888,"Literature and Poetry, Car Enthusiasts, Business Networking, Textile Arts, Literary Analysis, Urban Living, Camping and Backpacking, Exotic Pets, Networking, Educational Courses and Tutorials, Niche Collecting (e.g. rare books vintage items), Adventure Travel",78
889,,
890,,
891,,
892,,
893,,
894,,
895,,
896,,
897,,
898,,
899,,683
900,,
901,,
902,,
903,,
904,,
905,"Literature and Poetry, Startup Founders, Educational Resources for Kids, Family Activities and Outings, Skincare and Makeup, Gardening",78
906,,
907,"Literature and Poetry, Business Strategy and Management, Pottery and Ceramics, Fiction Writing, Educational Resources for Kids, Cinematography, Restaurant Reviews, Collecting (e.g. stamps coins), Language Teaching Resources, Dating and Relationships",78
908,,
909,,
910,,"683, 941, 546, 752, 153"
911,,
912,,
913,"Visual Arts, Music and Instrumental, Theater and Performing Arts, Craftsmanship, Motorcycles",
914,,
915,,
916,,
917,,1079
918,,
919,,
920,,
921,"Music and Instrumental, Film and Documentary, Cryptocurrency",78
923,"Visual Arts, Film and Documentary, Art Exhibitions, Electric Vehicles","706, 78"
924,,
925,,
926,,
927,,
928,,
929,,
930,,
931,,
932,,
933,,
934,,
935,,
936,,
937,,
938,,
939,,
940,,
941,"Literature and Poetry, Visual Arts, Music and Instrumental, Theater and Performing Arts, Film and Documentary, Cultural Festivals, Craftsmanship, Car Enthusiasts, Motorcycles, Electric Vehicles, Automotive News and Reviews, Startup Founders, Small Business Owners, Investment and Venture Capital, Business Strategy and Management, Marketing and Sales, E-commerce, Business Networking, Leadership and Mentoring, Movies and TV Shows, Music and Concerts, Fashion Trends, Personal Styling","78, 1064, 959, 546, 969, 534"
942,,
943,,
944,,
945,"Literature and Poetry, Visual Arts, Music and Instrumental, Theater and Performing Arts, Film and Documentary, Cultural Festivals, Art Exhibitions, Craftsmanship, Car Enthusiasts, Motorcycles, Electric Vehicles, Car Restoration, Off-Roading, Automotive News and Reviews, Motorsport","78, 153"
946,,
947,,
948,,
949,,
950,,
951,,
952,,
953,,
954,,
955,"Literature and Poetry, Art Exhibitions, Car Enthusiasts, Motorcycles, Off-Roading, Vehicle Maintenance and Repair","426, 78"
956,,
957,,
958,,
959,"Music and Instrumental, Film and Documentary, Car Enthusiasts, Business Networking, Leadership and Mentoring, Pottery and Ceramics, Movies and TV Shows, Music and Concerts, Work-Life Balance for Parents, Fashion Trends, Personal Styling, Fashion Design, Cryptocurrency, Real Estate Investment, Personal Finance Management, Budgeting and Saving","1113, 1115, 661, 685, 78, 534, 139"
960,,
961,,
962,,
963,,
964,"Literature and Poetry, Theater and Performing Arts, Craftsmanship, Car Restoration, Automotive News and Reviews, Motorsport","78, 546, 142, 426"
965,"Movies and TV Shows, Music and Concerts, Fashion Design, Cryptocurrency, Personal Finance Management",78
966,,"752, 153, 683"
967,"Music and Instrumental, Film and Documentary, Car Enthusiasts",78
968,"Literature and Poetry, Visual Arts, Music and Instrumental, Theater and Performing Arts","78, 685"
969,"Fashion and Style, Personal Finance, Minimalism, Luxury Travel, Road Trips, Travel Photography",78
970,,
971,,
972,,
973,,
974,"Music and Instrumental, Theater and Performing Arts, Film and Documentary, Small Business Owners, Business Strategy and Management, Business Networking, Leadership and Mentoring, Jewelry Making, Writing Workshops, Writing Prompts and Challenges, DIY Home Decor, Tool and Equipment Reviews, Movies and TV Shows, Music and Concerts, Theater and Performing Arts, Podcasts, New Parents, Single Parenting, Parenting Teens, Child Development, Educational Resources for Kids, Work-Life Balance for Parents, Parenting Support Groups, Family Activities and Outings, Skincare and Makeup, Personal Styling, Beauty Tutorials, Sustainable Fashion, Haircare, Fashion Design, Screenwriting, Animation and VFX, Documentary Filmmaking, Video Editing, Cinematography, Media Critique and Analysis, Podcast Production, Stock Market, Personal Finance Management, Retirement Planning, Budgeting and Saving, Financial Independence, Investment Strategies, Gourmet Cooking, Baking, Food Photography, International Cuisine, Nutrition and Diet, Mental Health, Meditation and Mindfulness, Fitness Challenges, Personal Development, Genealogy, Cooking and Baking, DIY and Crafts, Photography, Reading and Book Clubs, Knitting and Sewing, Painting and Drawing, Language Learning (e.g. Spanish French Mandarin), Translation and Interpretation, Linguistics, Dialects and Regional Languages, Language Teaching Resources, Parenting, Dating and Relationships, Home Decor and Interior Design, Fashion and Style, Personal Finance, Minimalism, Eco-Friendly Living, Urban Living, Mental Health Awareness, Physical Fitness Challenges, Holistic Health, Body Positivity, Mind-Body Connection, Stress Management, Goal Setting, Time Management, Productivity Hacks, Mindset and Motivation, Public Speaking, Journaling, Coaching and Mentoring, Life Skills, Dog Owners, Pet Training and Behavior, Pet Nutrition and Health, Entrepreneurship, Freelancing, Networking, Career Development, Industry-Specific Groups (e.g. tech finance), Job Hunting, Mentorship, Work-Life Balance, Biology and Medicine, Environmental Science, Physics and Chemistry, Mathematics, Educational Courses and Tutorials, Spiritual Growth, Running, Swimming, Dance, Web Development, Smartphones and Mobile Devices, Computers and Laptops, Smart Home Devices, Wearable Technology, Virtual Reality (VR) and Augmented Reality (AR), Gaming Consoles and Accessories, Adventure Travel, Cultural Travel, Budget Travel, Luxury Travel, Road Trips, Travel Tips and Hacks, Travel Photography, Destination Reviews","584, 546, 566, 78"
975,"Music and Instrumental, Film and Documentary, Celebrity News and Gossip",78
976,"Literature and Poetry, Theater and Performing Arts, Film and Documentary",78
977,,
978,"Literature and Poetry, Visual Arts, Music and Instrumental",78
979,,584
980,,
981,,
982,,
983,"Visual Arts, Music and Instrumental, Theater and Performing Arts, Motorcycles, Electric Vehicles, Car Restoration",78
984,,
985,,
986,,
987,,
988,,
989,,
990,,
991,,
992,,
993,,
994,,
995,"Literature and Poetry, Visual Arts, Cultural Festivals","685, 78"
996,"Film and Documentary, Art Exhibitions, Craftsmanship",
997,"Literature and Poetry, Music and Instrumental, Art Exhibitions, Electric Vehicles, Motorsport, Paper Crafts",78
998,"Visual Arts, Theater and Performing Arts, Cultural Festivals","546, 78"
999,"Art Exhibitions, Electric Vehicles, Off-Roading",78
1000,,
1001,,
1002,,
1003,,
1004,"Music and Instrumental, Family Activities and Outings, Skincare and Makeup, Fashion Trends, Personal Styling, Beauty Tutorials, Sustainable Fashion, Haircare, Nail Art, Fashion Design","78, 153"
1005,,
1006,,
1007,"Literature and Poetry, Visual Arts","78, 685, 754"
1008,,
1009,,
1010,,
1011,,
1012,"Theater and Performing Arts, Film and Documentary, Art Exhibitions","584, 345, 923, 1113, 78"
1013,,
1014,,
1015,,
1016,"Music and Instrumental, Theater and Performing Arts, Off-Roading, Automotive News and Reviews","546, 78"
1017,,
1018,,
1019,"Literature and Poetry, Car Enthusiasts, Leadership and Mentoring, Upcycling and Recycling, Independent Filmmaking, Food Photography","683, 78"
1020,,
1021,"Visual Arts, Music and Instrumental, Electric Vehicles, Anime and Manga, Podcasts, Fashion Trends, Haircare, Independent Filmmaking, Military History, DIY and Crafts",
1022,,
1023,,
1024,,
1025,"Cultural Festivals, Art Exhibitions, Car Restoration",
1029,,
1030,"Visual Arts, Electric Vehicles, Car Restoration","78, 754"
1031,,
1032,,
1033,,
1034,"Theater and Performing Arts, Motorcycles, Electric Vehicles",78
1035,"Literature and Poetry, Film and Documentary, Craftsmanship",78
1036,,
1037,,
1038,,
1039,,
1040,,
1041,,
1042,,
1043,,
1044,,
1045,"Visual Arts, Film and Documentary, Cultural Festivals",754
1046,,
1047,,
1048,,
1049,,
1050,,
1051,,
1052,,
1053,"Cultural Festivals, Motorcycles, Investment and Venture Capital, Marketing and Sales, Business Networking",
1054,"Visual Arts, Music and Instrumental, Theater and Performing Arts, Car Restoration, Off-Roading",78
1055,,
1056,"Literature and Poetry, Theater and Performing Arts, Craftsmanship",426
1057,"Visual Arts, Motorsport, Vehicle Maintenance and Repair","754, 153"
1058,"Literature and Poetry, Tool and Equipment Reviews, Upcycling and Recycling, Music and Concerts","78, 754"
1059,,
1060,"Motorcycles, Startup Founders, Investment and Venture Capital, Business Strategy and Management, Business Networking, Leadership and Mentoring, Music and Concerts, Cinematography, Cryptocurrency, Photography, Dating and Relationships, Gaming Consoles and Accessories, Software and Apps, Tech News and Reviews, Adventure Travel, Luxury Travel, Travel Photography, Destination Reviews",78
1061,,
1062,,
1063,,
1064,"Cultural Travel, Travel Tips and Hacks, Destination Reviews",78
1065,"Visual Arts, Music and Instrumental, Theater and Performing Arts, Car Enthusiasts, Motorcycles, Electric Vehicles, Car Restoration, Startup Founders, Investment and Venture Capital, Leadership and Mentoring","78, 426, 153"
1066,,
1067,"Music and Instrumental, Documentary Filmmaking, Media Critique and Analysis, Podcast Production, Personal Development, Dialects and Regional Languages, Sports Psychology",
1068,,
1069,"Literature and Poetry, Music and Instrumental, Film and Documentary",78
1070,,
1071,"Visual Arts, Music and Instrumental, Theater and Performing Arts","78, 534"
1072,"Visual Arts, Music and Instrumental, Craftsmanship",78
1073,"Visual Arts, Music and Instrumental, Theater and Performing Arts",78
1074,,
1075,,
1076,"Visual Arts, Music and Instrumental, Theater and Performing Arts, Craftsmanship, Car Restoration, Off-Roading, Automotive News and Reviews",
1077,"Music and Instrumental, Theater and Performing Arts, Film and Documentary, Cultural Festivals",78
1078,"Literature and Poetry, Music and Instrumental, Film and Documentary",78
1079,"Visual Arts, Motorcycles, Vehicle Maintenance and Repair, Music and Concerts, Podcast Production, Real Estate Investment",78
1080,"Cultural Festivals, Art Exhibitions, Motorcycles",78
1081,"Art Exhibitions, Electric Vehicles, Car Restoration","426, 78"
1082,"Music and Instrumental, Art Exhibitions, Car Enthusiasts","426, 78"
1083,"Literature and Poetry, Art Exhibitions, Electric Vehicles",78
1084,"Film and Documentary, Cultural Festivals, Electric Vehicles, Scrapbooking, Book Clubs, Landscaping and Gardening, DIY Home Decor",78
1085,"Music and Instrumental, Theater and Performing Arts, Electric Vehicles",78
1086,,"752, 683"
1087,,
1088,,
1089,,
1090,,
1091,"Music and Instrumental, Art Exhibitions, Car Restoration, Vehicle Maintenance and Repair, Scrapbooking",
1092,,
1093,"Theater and Performing Arts, Off-Roading, Vehicle Maintenance and Repair",
1094,,
1095,"Music and Instrumental, Electric Vehicles, Business Networking, Jewelry Making, Candle Making",
1096,"Visual Arts, Music and Instrumental, Film and Documentary, Startup Founders, Business Strategy and Management",78
1097,"Visual Arts, Motorcycles, Electric Vehicles, Automotive News and Reviews, Motorsport",
1098,"Theater and Performing Arts, Electric Vehicles, Car Restoration, Vehicle Maintenance and Repair",
1099,"Music and Instrumental, Art Exhibitions, Electric Vehicles, Automotive News and Reviews, Motorsport",
1100,"Music and Instrumental, Car Enthusiasts, Motorcycles, Car Restoration, Vehicle Maintenance and Repair",
1101,"Art Exhibitions, Craftsmanship, Electric Vehicles, Motorsport, Small Business Owners, Business Strategy and Management, Marketing and Sales",
1102,"Theater and Performing Arts, Electric Vehicles, Vehicle Maintenance and Repair",
1103,"Music and Instrumental, Art Exhibitions, Car Restoration, Vehicle Maintenance and Repair",
1104,"Literature and Poetry, Electric Vehicles, Off-Roading",78
1105,,
1106,"Theater and Performing Arts, Cultural Festivals, Craftsmanship, Off-Roading",
1107,"Craftsmanship, Car Enthusiasts, Electric Vehicles, Vehicle Maintenance and Repair",
1108,"Literature and Poetry, Music and Instrumental, Electric Vehicles, Automotive News and Reviews, Motorsport, Vehicle Maintenance and Repair",
1109,"Music and Instrumental, Art Exhibitions, Car Restoration, Vehicle Maintenance and Repair",
1110,"Music and Instrumental, Film and Documentary, Craftsmanship",
1111,,
1112,"Literature and Poetry, Music and Instrumental, Film and Documentary, Craftsmanship, Car Enthusiasts, Motorcycles, Automotive News and Reviews",
1113,"Music and Instrumental, Art Exhibitions, Electric Vehicles, Motorsport, Business Strategy and Management, Jewelry Making, Scrapbooking, Candle Making, Textile Arts",78
1114,"Music and Instrumental, Craftsmanship, Electric Vehicles, Car Restoration, Vehicle Maintenance and Repair",685
1115,"Visual Arts, Music and Instrumental, Motorcycles, Electric Vehicles, Vehicle Maintenance and Repair","78, 153"
1116,"Music and Instrumental, Film and Documentary, Craftsmanship",426
1117,"Visual Arts, Music and Instrumental, Film and Documentary, Cultural Festivals, Electric Vehicles, Car Restoration, Off-Roading, Automotive News and Reviews, Motorsport","546, 78"
1118,,
1119,,
1120,,
1121,,
1122,"Visual Arts, Music and Instrumental, Craftsmanship","78, 754"
1125,,
1126,"Music and Instrumental, Theater and Performing Arts, Off-Roading, Automotive News and Reviews, Investment and Venture Capital, Business Strategy and Management",
1127,,
1128,"Music and Instrumental, Art Exhibitions, Electric Vehicles",
1129,"Film and Documentary, Furniture Making, Landscaping and Gardening, DIY Home Decor",
1130,,
1131,,
1132,,
1133,,
1134,"Literature and Poetry, Business Strategy and Management, Leadership and Mentoring",78
1135,"Music and Instrumental, Art Exhibitions, Car Restoration, Off-Roading, Furniture Making","754, 153"
1136,"Music and Instrumental, Art Exhibitions, Electric Vehicles, Motorsport",
1137,"Electric Vehicles, Car Restoration, Automotive News and Reviews, Motorsport",78
1138,"Visual Arts, Music and Instrumental, Art Exhibitions, Car Restoration",
1139,"Literature and Poetry, Music and Instrumental, Cultural Festivals",78
1140,,
1141,"Music and Instrumental, Art Exhibitions, Electric Vehicles, Motorsport",
1142,,
1143,,
1144,,
1145,"Renewable Energy, Zero Waste Lifestyle, Green Building, Climate Change Action",
1146,,
1147,,546
1148,,
1149,,
1150,,
1151,"Literature and Poetry, Visual Arts, Music and Instrumental",78
1152,,
1153,,
1154,,
1155,,
1156,,
1157,,
1158,,
1159,,
1160,,
1161,,
1556,"Literature and Poetry, Visual Arts, Music and Instrumental",78
1557,"Literature and Poetry, Visual Arts, Film and Documentary, Art Exhibitions",78
1558,,
1559,,
1560,,
1561,,
1562,,
1563,"Music and Instrumental, Theater and Performing Arts, Art Exhibitions",
1564,,
1565,,
1566,,
1567,,
1568,,
1569,,
1570,,
1571,,
1572,,
1573,,
1574,,
1575,,
1576,,
